message,response
*what is generative AI*,"Generative AI refers to algorithms that can create new content like text, images, or music."
*how does generative AI work*,Generative AI works by learning patterns from data using models like GANs or transformers.
*why is generative AI important*,"It drives innovation in content creation, automation, and personalization."
*what are examples of generative AI*,"Examples include ChatGPT, DALL-E, and MusicGen."
*who uses generative AI*,"It is used by businesses, researchers, and creatives."
*when did generative AI start*,It started gaining traction in the 2010s with advancements in deep learning.
*where is generative AI used*,"It is used in industries like entertainment, healthcare, and education."
*how can generative AI be applied*,"It can be applied to generate art, improve design, or create personalized experiences."
*why is generative AI evolving*,Rapid advancements in computing power and data availability drive its evolution.
*what tools are available for generative AI*,"Tools like TensorFlow, PyTorch, and Hugging Face are commonly used."
*who develops generative AI*,"It is developed by tech companies, universities, and open-source communities."
*how do neural networks relate to generative AI*,Neural networks underpin generative AI by enabling pattern recognition and content generation.
*why are large language models important*,They enable generative AI to understand and produce human-like content.
*what is the role of training data*,Training data provides the foundation for generative AI to learn and create.
*how can generative AI improve creativity*,It offers new ways to approach artistic and problem-solving tasks.
*why is generative AI controversial*,"It raises concerns about misinformation, bias, and copyright issues."
*how do we ensure ethical use of generative AI*,"By establishing guidelines and using diverse, unbiased training data."
*what industries benefit from generative AI*,"Industries like marketing, film, and gaming see immense benefits."
*how is generative AI regulated*,Governments and organizations are developing policies and standards.
*why is generative AI challenging to develop*,"It requires massive datasets, computational resources, and innovative algorithms."
